CRIM,ZN,INDUS,CHAS,NOX,RM,AGE,DIS,RAD,TAX,PTRATIO,B,LSTAT,MEDV,Label
0.11747,12.5,7.87,0,0.524,6.009,82.9,-2,-2,311,15.2,396.9,3,18.9,1
0.09378,12.5,7.87,0,0.524,5.889,39,5,5,311,15.2,390.5,0,21.7,1
0.62976,0,8.14,0,0.538,5.949,61.8,-1,-1,307,21,396.9,4,20.4,-1
0.63796,0,8.14,0,0.538,6.096,84.5,4,4,307,21,380.02,-3,18.2,-1
0.98765,0,12.5,0,0.561,6.98,89,-5,-5,320,23,396,-4,12,-1
0.44433,0,12.5,0,0.561,6.123,98,3,3,320,23,343,5,54,1
